Ticket #,Date Issue,Location,Type,Hour,Day
24P0100001,2024-01-02 15:06:00,JOHNSON ST,101,15,Tuesday
24P0100002,2024-01-02 15:06:00,JOHNSON ST,TOW,15,Tuesday
24P0100003,2024-01-02 15:11:00,JOHNSON ST,101,15,Tuesday
24P0100004,2024-01-02 15:11:00,JOHNSON ST,TOW,15,Tuesday
24P0100005,2024-01-02 15:22:00,JOHNSON ST,101,15,Tuesday
24P0100006,2024-01-02 15:22:00,JOHNSON ST,TOW,15,Tuesday
24P0100007,2024-01-02 16:06:00,WILLIAMSON ST,103,16,Tuesday
24P0100008,2024-01-02 16:06:00,WILLIAMSON ST,TOW,16,Tuesday
24P0100009,2024-01-02 16:08:00,WILLIAMSON ST,103,16,Tuesday
24P0100010,2024-01-02 16:08:00,WILLIAMSON ST,TOW,16,Tuesday
24P0100011,2024-01-02 16:44:00,WILLIAMSON ST,103,16,Tuesday
24P0100012,2024-01-02 16:44:00,WILLIAMSON ST,TOW,16,Tuesday
24P0100013,2024-01-02 21:01:00,ROSS ST,050,21,Tuesday
24P0100014,2024-01-07 14:35:00,ERIN ST,075,14,Sunday
24P0100015,2024-01-07 14:48:00,WEST LAWN AVE,072,14,Sunday
24P0100016,2024-01-07 14:48:00,WEST LAWN AVE,TOW,14,Sunday
24P0100017,2024-01-07 17:22:00,BUTLER ST,075,17,Sunday
24P0100018,2024-01-07 19:52:00,RIDGEWAY AVE,072,19,Sunday
24P0100019,2024-01-07 22:11:00,FREY ST,083,22,Sunday
24P0100020,2024-01-07 22:13:00,FREY ST,083,22,Sunday
24P0100021,2024-01-07 22:14:00,FREY ST,083,22,Sunday
24P0100022,2024-01-07 22:15:00,FREY ST,083,22,Sunday
24P0100023,2024-01-07 22:17:00,FREY ST,083,22,Sunday
24P0100024,2024-01-07 22:18:00,FREY ST,083,22,Sunday
24P0100025,2024-01-07 22:19:00,FREY ST,083,22,Sunday
24P0100026,2024-01-08 15:34:00,NORTHPORT DR,083,15,Monday
24P0100027,2024-01-08 15:35:00,NORTHPORT DR,083,15,Monday
24P0100028,2024-01-08 15:36:00,NORTHPORT DR,083,15,Monday
24P0100029,2024-01-08 15:38:00,NORTHPORT DR,083,15,Monday
24P0100030,2024-01-08 15:39:00,NORTHPORT DR,083,15,Monday
24P0100031,2024-01-08 15:41:00,NORTHPORT DR,083,15,Monday
24P0100032,2024-01-08 15:42:00,NORTHPORT DR,083,15,Monday
24P0100033,2024-01-08 15:44:00,NORTHPORT DR,083,15,Monday
24P0100034,2024-01-08 15:46:00,NORTHPORT DR,083,15,Monday
24P0100035,2024-01-08 15:49:00,NORTHPORT DR,083,15,Monday
24P0100036,2024-01-08 15:50:00,NORTHPORT DR,083,15,Monday
24P0100037,2024-01-08 15:52:00,NORTHPORT DR,083,15,Monday
24P0100038,2024-01-08 15:53:00,NORTHPORT DR,083,15,Monday
24P0100039,2024-01-08 15:59:00,NORTHPORT DR,083,15,Monday
24P0100040,2024-01-08 16:03:00,NORTHPORT DR,083,16,Monday
24P0100041,2024-01-08 16:06:00,NORTHPORT DR,083,16,Monday
24P0100042,2024-01-08 16:07:00,NORTHPORT DR,083,16,Monday
24P0100043,2024-01-08 17:57:00,WASHINGTON AVE,083,17,Monday
24P0100044,2024-01-08 23:45:00,MIFFLIN ST,072,23,Monday
24P0100045,2024-01-08 23:45:00,MIFFLIN ST,TOW,23,Monday
24P0100046,2024-01-13 15:50:00,HENRY ST,151,15,Saturday
24P0100047,2024-01-13 15:50:00,HENRY ST,TOW,15,Saturday
24P0100048,2024-01-13 17:59:00,MIFFLIN ST,071,17,Saturday
24P0100049,2024-01-13 18:32:00,BLOUNT ST,072,18,Saturday
24P0100050,2024-01-13 18:32:00,BLOUNT ST,TOW,18,Saturday
24P0100051,2024-01-13 19:10:00,MIFFLIN ST,072,19,Saturday
24P0100052,2024-01-13 19:10:00,MIFFLIN ST,TOW,19,Saturday
24P0100053,2024-01-13 19:59:00,MIFFLIN ST,046,19,Saturday
24P0100054,2024-01-13 22:07:00,BRANDENBURG WAY,072,22,Saturday
24P0100055,2024-01-13 22:07:00,BRANDENBURG WAY,TOW,22,Saturday
24P0100056,2024-01-14 00:02:00,DANE ST,072,0,Sunday
24P0100057,2024-01-14 14:49:00,PINCKNEY ST,072,14,Sunday
24P0100058,2024-01-14 14:49:00,PINCKNEY ST,TOW,14,Sunday
24P0100059,2024-01-14 20:42:00,STOUGHTON RD,036,20,Sunday
24P0100060,2024-01-14 20:42:00,STOUGHTON RD,TOW,20,Sunday
24P0100061,2024-01-21 15:34:00,MIFFLIN ST,075,15,Sunday
24P0100062,2024-01-21 16:51:00,MONROE ST,045,16,Sunday
24P0100063,2024-01-21 17:39:00,WHITCOMB DR,050,17,Sunday
24P0100064,2024-01-21 18:50:00,ROWLEY AVE,004,18,Sunday
24P0100065,2024-01-21 19:28:00,MADISON ST,004,19,Sunday
24P0100066,2024-01-21 19:50:00,LANGDON ST,045,19,Sunday
24P0100067,2024-01-21 19:50:00,LANGDON ST,TOW,19,Sunday
24P0100068,2024-01-21 20:59:00,MOUND ST,036,20,Sunday
24P0100069,2024-01-21 20:59:00,MOUND ST,TOW,20,Sunday
24P0100070,2024-01-21 22:33:00,WOODLAND WAY,036,22,Sunday
24P0100071,2024-01-21 22:33:00,WOODLAND WAY,TOW,22,Sunday
24P0100072,2024-01-21 23:15:00,MADISON ST,080,23,Sunday
24P0100073,2024-01-22 15:10:00,JOHNSON ST,101,15,Monday
24P0100074,2024-01-22 15:10:00,JOHNSON ST,TOW,15,Monday
24P0100075,2024-01-22 16:08:00,WILLIAMSON ST,103,16,Monday
24P0100076,2024-01-22 16:08:00,WILLIAMSON ST,TOW,16,Monday
24P0100077,2024-01-22 16:14:00,WILLIAMSON ST,103,16,Monday
24P0100078,2024-01-22 16:14:00,WILLIAMSON ST,TOW,16,Monday
24P0100079,2024-01-22 16:21:00,WILLIAMSON ST,103,16,Monday
24P0100080,2024-01-22 16:21:00,WILLIAMSON ST,TOW,16,Monday
24P0100081,2024-01-22 20:44:00,CLYDE GALLAGHER AVE,036,20,Monday
24P0100082,2024-01-22 20:44:00,CLYDE GALLAGHER AVE,TOW,20,Monday
24P0100083,2024-01-22 23:03:00,BRANDIE RD,036,23,Monday
24P0100084,2024-01-22 23:03:00,BRANDIE RD,TOW,23,Monday
24P0100085,2024-01-22 23:44:00,WINNEBAGO ST,004,23,Monday
24P0100086,2024-01-23 15:19:00,BROOKS ST,Meter,15,Tuesday
24P0100087,2024-01-23 15:24:00,BROOKS ST,Meter,15,Tuesday
24P0100088,2024-01-23 15:28:00,BROOKS ST,Meter,15,Tuesday
24P0100089,2024-01-23 15:35:00,MILLS ST,Meter,15,Tuesday
24P0100090,2024-01-23 15:42:00,MILLS ST,Meter,15,Tuesday
24P0100091,2024-01-23 15:50:00,BROOKS ST,Meter,15,Tuesday
24P0100092,2024-01-23 16:19:00,ATWOOD AVE,083,16,Tuesday
24P0100093,2024-01-23 17:18:00,HENRY ST,010,17,Tuesday
24P0100094,2024-01-23 17:24:00,HENRY ST,Meter,17,Tuesday
24P0100095,2024-01-23 19:35:00,WHITCOMB DR,036,19,Tuesday
24P0100096,2024-01-23 19:35:00,WHITCOMB DR,TOW,19,Tuesday
24P0100097,2024-01-23 20:24:00,SPRING ST,W074,20,Tuesday
24P0100098,2024-01-23 22:05:00,MAIN ST,075,22,Tuesday
24P0100099,2024-01-24 15:09:00,LIVINGSTON ST,074,15,Wednesday
24P0100100,2024-01-24 15:36:00,FAIRCHILD ST,Meter,15,Wednesday
24P0100101,2024-01-24 16:13:00,BROOM ST,Meter,16,Wednesday
24P0100102,2024-01-24 16:44:00,MIFFLIN ST,Meter,16,Wednesday
24P0100103,2024-01-24 17:20:00,GILMAN ST,083,17,Wednesday
24P0100104,2024-01-24 18:33:00,NORTH ST,072,18,Wednesday
24P0100105,2024-01-24 18:33:00,NORTH ST,TOW,18,Wednesday
24P0100106,2024-01-24 20:33:00,ANN ST,036,20,Wednesday
24P0100107,2024-01-24 20:33:00,ANN ST,TOW,20,Wednesday
24P0100108,2024-01-24 22:09:00,MAIN ST,075,22,Wednesday
24P0100109,2024-01-24 22:09:00,MAIN ST,TOW,22,Wednesday
24P0100110,2024-01-24 22:13:00,MAIN ST,075,22,Wednesday
24P0100111,2024-01-24 22:13:00,MAIN ST,TOW,22,Wednesday
24P0100112,2024-01-28 16:30:00,WILLIAMSON ST,058,16,Sunday
24P0100113,2024-01-28 17:33:00,DAYTON ST,033,17,Sunday
24P0100114,2024-01-28 17:43:00,FAIRCHILD ST,016,17,Sunday
24P0100115,2024-01-28 18:00:00,MAIN ST,036,18,Sunday
24P0100116,2024-01-28 18:00:00,MAIN ST,TOW,18,Sunday
24P0100117,2024-01-28 18:35:00,DAYTON ST,004,18,Sunday
24P0100118,2024-01-28 20:02:00,ROSENBERRY RD,004,20,Sunday
24P0100119,2024-01-28 20:15:00,ROSENBERRY RD,036,20,Sunday
24P0100120,2024-01-28 20:15:00,ROSENBERRY RD,TOW,20,Sunday
24P0100121,2024-01-28 20:35:00,JENEWEIN RD,036,20,Sunday
24P0100122,2024-01-28 20:35:00,JENEWEIN RD,TOW,20,Sunday
24P0100123,2024-01-28 21:45:00,BLAIR ST,045,21,Sunday
24P0100124,2024-01-28 22:44:00,FORDEM AVE,036,22,Sunday
24P0100125,2024-01-28 22:44:00,FORDEM AVE,TOW,22,Sunday
24P0100126,2024-01-29 00:06:00,ERIN ST,075,0,Monday
24P0100127,2024-01-29 18:43:00,SPRING ST,071,18,Monday
24P0100128,2024-01-29 19:12:00,EMERALD ST,072,19,Monday
24P0100129,2024-01-29 23:44:00,GORHAM ST,075,23,Monday
24P0100130,2024-01-30 18:52:00,SPRING ST,071,18,Tuesday
24P0100131,2024-01-30 18:52:00,SPRING ST,TOW,18,Tuesday
24P0100132,2024-01-30 18:57:00,SPRING ST,071,18,Tuesday
24P0100133,2024-01-30 18:57:00,SPRING ST,TOW,18,Tuesday
24P0100134,2024-01-30 20:10:00,RUSK ST,075,20,Tuesday
24P0100135,2024-01-30 20:10:00,RUSK ST,050,20,Tuesday
24P0100136,2024-01-30 20:49:00,DOTY ST,074,20,Tuesday
24P0100137,2024-01-30 23:24:00,BUTLER ST,075,23,Tuesday
24P0100138,2024-01-31 16:36:00,REGENT ST,083,16,Wednesday
24P0100139,2024-01-31 19:26:00,DRAKE ST,004,19,Wednesday
24P0100140,2024-01-31 23:30:00,DUNNING ST,075,23,Wednesday
24P0100141,2024-02-04 14:53:00,FRANKLIN AVE,W033,14,Sunday
24P0100142,2024-02-04 15:29:00,MIFFLIN ST,046,15,Sunday
24P0100143,2024-02-04 16:51:00,DAYTON ST,083,16,Sunday
24P0100144,2024-02-04 18:09:00,ORION TRL,071,18,Sunday
24P0100145,2024-02-04 18:51:00,BASSETT ST,072,18,Sunday
24P0100146,2024-02-04 19:01:00,WILSON ST,075,19,Sunday
24P0100147,2024-02-04 21:01:00,HIGH POINT RD,036,21,Sunday
24P0100148,2024-02-04 21:01:00,HIGH POINT RD,TOW,21,Sunday
24P0100149,2024-02-04 21:52:00,ALLIED DR,W083,21,Sunday
24P0100150,2024-02-05 16:07:00,HELENA ST,046,16,Monday
24P0100151,2024-02-05 16:08:00,HELENA ST,046,16,Monday
24P0100152,2024-02-05 16:09:00,HELENA ST,046,16,Monday
24P0100153,2024-02-05 16:17:00,HELENA ST,046,16,Monday
24P0100154,2024-02-05 16:56:00,KENDALL AVE,072,16,Monday
24P0100155,2024-02-05 16:56:00,KENDALL AVE,TOW,16,Monday
24P0100156,2024-02-05 18:55:00,BLAIR ST,045,18,Monday
24P0100157,2024-02-05 19:07:00,BLOUNT ST,033,19,Monday
24P0100158,2024-02-06 16:56:00,HELENA ST,046,16,Tuesday
24P0100159,2024-02-06 17:44:00,BEDFORD ST,075,17,Tuesday
24P0100160,2024-02-06 19:02:00,GAMMON RD,083,19,Tuesday
24P0100161,2024-02-06 20:39:00,GRAND CANYON DR,050,20,Tuesday
24P0100162,2024-02-06 20:41:00,GRAND CANYON DR,050,20,Tuesday
24P0100163,2024-02-06 20:48:00,GRAND CANYON DR,050,20,Tuesday
24P0100164,2024-02-06 21:43:00,HURON HILL,050,21,Tuesday
24P0100165,2024-02-07 15:57:00,CHARTER ST,071,15,Wednesday
24P0100166,2024-02-07 15:58:00,CHARTER ST,071,15,Wednesday
24P0100167,2024-02-07 16:07:00,REGENT ST,103,16,Wednesday
24P0100168,2024-02-07 16:07:00,REGENT ST,TOW,16,Wednesday
24P0100169,2024-02-07 18:44:00,MILWAUKEE ST,016,18,Wednesday
24P0100170,2024-02-07 19:18:00,LAFOLLETTE AVE,072,19,Wednesday
24P0100171,2024-02-07 19:18:00,LAFOLLETTE AVE,TOW,19,Wednesday
24P0100172,2024-02-07 22:23:00,GORHAM ST,083,22,Wednesday
24P0100173,2024-02-07 22:24:00,GORHAM ST,083,22,Wednesday
24P0100174,2024-02-07 23:33:00,FREY ST,050,23,Wednesday
24P0100175,2024-02-07 23:50:00,FREY ST,004,23,Wednesday
24P0100176,2024-02-11 15:48:00,MIFFLIN ST,075,15,Sunday
24P0100177,2024-02-11 16:13:00,BEDFORD ST,W083,16,Sunday
24P0100178,2024-02-11 16:47:00,BUTLER ST,075,16,Sunday
24P0100179,2024-02-11 17:37:00,BELTLINE HWY,036,17,Sunday
24P0100180,2024-02-11 17:37:00,BELTLINE HWY,TOW,17,Sunday
24P0100181,2024-02-11 20:37:00,LANGDON ST,068,20,Sunday
24P0100182,2024-02-11 20:37:00,LANGDON ST,050,20,Sunday
24P0100183,2024-02-11 21:29:00,WASHINGTON AVE,036,21,Sunday
24P0100184,2024-02-11 21:29:00,WASHINGTON AVE,TOW,21,Sunday
24P0100185,2024-02-12 15:05:00,JOHNSON ST,101,15,Monday
24P0100186,2024-02-12 15:05:00,JOHNSON ST,TOW,15,Monday
24P0100187,2024-02-12 15:09:00,JOHNSON ST,101,15,Monday
24P0100188,2024-02-12 15:09:00,JOHNSON ST,TOW,15,Monday
24P0100189,2024-02-12 15:12:00,JOHNSON ST,101,15,Monday
24P0100190,2024-02-12 15:12:00,JOHNSON ST,TOW,15,Monday
24P0100191,2024-02-12 16:14:00,WILLIAMSON ST,103,16,Monday
24P0100192,2024-02-12 16:14:00,WILLIAMSON ST,TOW,16,Monday
24P0100193,2024-02-12 16:20:00,WILLIAMSON ST,103,16,Monday
24P0100194,2024-02-12 16:20:00,WILLIAMSON ST,TOW,16,Monday
24P0100195,2024-02-12 17:26:00,HELENA ST,046,17,Monday
24P0100196,2024-02-12 21:55:00,JENIFER ST,072,21,Monday
24P0100197,2024-02-13 20:54:00,BUTLER ST,075,20,Tuesday
24P0100198,2024-02-13 21:06:00,DAYTON ST,063,21,Tuesday
24P0100199,2024-02-13 21:45:00,GORHAM ST,072,21,Tuesday
24P0100200,2024-02-13 21:45:00,GORHAM ST,TOW,21,Tuesday
24P0100201,2024-02-14 14:54:00,MILLS ST,075,14,Wednesday
24P0100202,2024-02-14 14:56:00,MILLS ST,075,14,Wednesday
24P0100203,2024-02-14 14:59:00,MILLS ST,075,14,Wednesday
24P0100204,2024-02-14 15:01:00,MILLS ST,W050,15,Wednesday
24P0100205,2024-02-14 15:22:00,LAKESIDE ST,072,15,Wednesday
24P0100206,2024-02-14 16:48:00,HELENA ST,046,16,Wednesday
24P0100207,2024-02-14 19:04:00,THOMPSON DR,050,19,Wednesday
24P0100208,2024-02-14 19:05:00,THOMPSON DR,050,19,Wednesday
24P0100209,2024-02-14 19:57:00,BEDFORD ST,045,19,Wednesday
24P0100210,2024-02-14 22:25:00,VILLAGE PARK DR,050,22,Wednesday
24P0100211,2024-02-14 23:39:00,JOHNSON ST,083,23,Wednesday
24P0100212,2024-02-18 17:57:00,BASSETT ST,068,17,Sunday
24P0100213,2024-02-18 18:00:00,BASSETT ST,068,18,Sunday
24P0100214,2024-02-18 18:18:00,WILSON ST,075,18,Sunday
24P0100215,2024-02-18 18:58:00,JONATHON DR,004,18,Sunday
24P0100216,2024-02-18 20:43:00,WHITMAN LN,004,20,Sunday
24P0100217,2024-02-18 20:50:00,WHITMAN LN,004,20,Sunday
24P0100218,2024-02-18 20:59:00,WHITMAN LN,004,20,Sunday
24P0100219,2024-02-18 21:32:00,HENRY ST,151,21,Sunday
24P0100220,2024-02-18 21:32:00,HENRY ST,TOW,21,Sunday
24P0100221,2024-02-18 22:19:00,PINCKNEY ST,072,22,Sunday
24P0100222,2024-02-19 19:36:00,RANDALL AVE,075,19,Monday
24P0100223,2024-02-19 19:49:00,PRINCETON AVE,072,19,Monday
24P0100224,2024-02-19 22:25:00,BASSETT ST,068,22,Monday
24P0100225,2024-02-19 23:47:00,GRAND CANYON DR,050,23,Monday
24P0100226,2024-02-20 16:52:00,DAYTON ST,063,16,Tuesday
24P0100227,2024-02-20 16:52:00,DAYTON ST,050,16,Tuesday
24P0100228,2024-02-20 18:57:00,BUTLER ST,075,18,Tuesday
24P0100229,2024-02-20 21:34:00,BASSETT ST,068,21,Tuesday
24P0100230,2024-02-20 21:36:00,BASSETT ST,068,21,Tuesday
24P0100231,2024-02-20 21:38:00,BASSETT ST,068,21,Tuesday
24P0100232,2024-02-20 22:33:00,SPRING ST,071,22,Tuesday
24P0100233,2024-02-24 15:37:00,WILLIAMSON ST,061,15,Saturday
24P0100234,2024-02-24 15:37:00,WILLIAMSON ST,TOW,15,Saturday
24P0100235,2024-02-24 15:40:00,WILLIAMSON ST,061,15,Saturday
24P0100236,2024-02-24 15:40:00,WILLIAMSON ST,TOW,15,Saturday
24P0100237,2024-02-24 17:17:00,KENDALL AVE,072,17,Saturday
24P0100238,2024-02-24 17:17:00,KENDALL AVE,TOW,17,Saturday
24P0100239,2024-02-24 18:58:00,STOCKTON CT,046,18,Saturday
24P0100240,2024-02-24 20:39:00,FRANCES ST,063,20,Saturday
24P0100241,2024-02-24 21:37:00,DAYTON ST,151,21,Saturday
24P0100242,2024-02-24 21:37:00,DAYTON ST,TOW,21,Saturday
24P0100243,2024-02-24 21:40:00,DAYTON ST,151,21,Saturday
24P0100244,2024-02-24 21:40:00,DAYTON ST,TOW,21,Saturday
24P0100245,2024-02-24 22:40:00,WISCONSIN AVE,151,22,Saturday
24P0100246,2024-02-24 22:40:00,WISCONSIN AVE,TOW,22,Saturday
24P0100247,2024-02-25 15:30:00,DAYTON ST,083,15,Sunday
24P0100248,2024-02-25 17:19:00,SCHROEDER CT,036,17,Sunday
24P0100249,2024-02-25 17:19:00,SCHROEDER CT,TOW,17,Sunday
24P0100250,2024-02-25 17:53:00,WATTS RD,036,17,Sunday
24P0100251,2024-02-25 17:53:00,WATTS RD,TOW,17,Sunday
24P0100252,2024-02-25 18:25:00,SILICON PRAIRIE PKWY,036,18,Sunday
24P0100253,2024-02-25 18:25:00,SILICON PRAIRIE PKWY,TOW,18,Sunday
24P0100254,2024-02-25 18:55:00,SILICON PRAIRIE PKWY,036,18,Sunday
24P0100255,2024-02-25 18:55:00,SILICON PRAIRIE PKWY,TOW,18,Sunday
24P0100256,2024-02-25 19:10:00,SILICON PRAIRIE PKWY,036,19,Sunday
24P0100257,2024-02-25 19:10:00,SILICON PRAIRIE PKWY,TOW,19,Sunday
24P0100258,2024-02-25 22:01:00,UNIVERSITY AVE,083,22,Sunday
24P0100259,2024-02-25 22:29:00,HAMMERSLEY RD,004,22,Sunday
24P0100260,2024-02-26 16:42:00,MAIN ST,083,16,Monday
24P0100261,2024-02-26 16:43:00,MAIN ST,083,16,Monday
24P0100262,2024-02-26 17:41:00,COMMERCIAL AVE,046,17,Monday
24P0100263,2024-02-26 19:51:00,DAYTON ST,063,19,Monday
24P0100264,2024-02-26 20:43:00,FRANCES ST,083,20,Monday
24P0100265,2024-02-27 16:03:00,TOMPKINS DR,063,16,Tuesday
24P0100266,2024-02-27 16:08:00,TOMPKINS DR,063,16,Tuesday
24P0100267,2024-02-27 16:13:00,TOMPKINS DR,156,16,Tuesday
24P0100268,2024-02-27 16:14:00,TOMPKINS DR,156,16,Tuesday
24P0100269,2024-02-27 16:14:00,TOMPKINS DR,156,16,Tuesday
24P0100270,2024-02-27 17:00:00,HELENA ST,046,17,Tuesday
24P0100271,2024-02-27 18:44:00,DAYTON ST,063,18,Tuesday
24P0100272,2024-02-27 19:02:00,MIFFLIN ST,075,19,Tuesday
24P0100273,2024-02-28 15:05:00,JOHNSON ST,101,15,Wednesday
24P0100274,2024-02-28 15:05:00,JOHNSON ST,TOW,15,Wednesday
24P0100275,2024-02-28 16:08:00,WILLIAMSON ST,103,16,Wednesday
24P0100276,2024-02-28 16:08:00,WILLIAMSON ST,TOW,16,Wednesday
24P0100277,2024-02-28 18:30:00,DUNNING ST,075,18,Wednesday
24P0100278,2024-02-28 22:04:00,LAKESIDE ST,072,22,Wednesday
24P0100279,2024-02-28 22:44:00,SYCAMORE AVE,047,22,Wednesday
24P0100280,2024-03-03 15:22:00,BUTLER ST,075,15,Sunday
24P0100281,2024-03-03 17:01:00,EAST LAWN CT,W075,17,Sunday
24P0100282,2024-03-03 17:54:00,LIVINGSTON ST,046,17,Sunday
24P0100283,2024-03-03 19:01:00,WEBER DR,063,19,Sunday
24P0100284,2024-03-03 21:53:00,MAPLE VALLEY DR,036,21,Sunday
24P0100285,2024-03-03 21:53:00,MAPLE VALLEY DR,TOW,21,Sunday
24P0100286,2024-03-04 15:06:00,JOHNSON ST,101,15,Monday
24P0100287,2024-03-04 15:06:00,JOHNSON ST,TOW,15,Monday
24P0100288,2024-03-04 15:15:00,JOHNSON ST,101,15,Monday
24P0100289,2024-03-04 15:15:00,JOHNSON ST,TOW,15,Monday
24P0100290,2024-03-04 16:08:00,WILLIAMSON ST,103,16,Monday
24P0100291,2024-03-04 16:08:00,WILLIAMSON ST,TOW,16,Monday
24P0100292,2024-03-04 21:51:00,HAMILTON ST,046,21,Monday
24P0100293,2024-03-04 22:33:00,SYCAMORE AVE,047,22,Monday
24P0100294,2024-03-04 23:30:00,HELENA ST,046,23,Monday
24P0100295,2024-03-04 23:34:00,HELENA ST,046,23,Monday
24P0100296,2024-03-05 17:14:00,HELENA ST,046,17,Tuesday
24P0100297,2024-03-05 18:43:00,SHEBOYGAN AVE,075,18,Tuesday
24P0100298,2024-03-05 20:42:00,MIFFLIN ST,046,20,Tuesday
24P0100299,2024-03-05 21:03:00,GILMAN ST,083,21,Tuesday
24P0100300,2024-03-05 23:13:00,COMMERCE DR,016,23,Tuesday
24P0100301,2024-03-05 23:27:00,COMMERCE DR,016,23,Tuesday
24P0100302,2024-03-06 19:22:00,STRAUBEL CT,023,19,Wednesday
24P0100303,2024-03-06 21:43:00,LIVINGSTON ST,046,21,Wednesday
24P0100304,2024-03-06 22:51:00,HELENA ST,046,22,Wednesday
24P0100305,2024-03-10 15:56:00,PATERSON ST,075,15,Sunday
24P0100306,2024-03-10 18:12:00,BEDFORD ST,075,18,Sunday
24P0100307,2024-03-10 19:05:00,GRAND CANYON DR,036,19,Sunday
24P0100308,2024-03-10 19:05:00,GRAND CANYON DR,TOW,19,Sunday
24P0100309,2024-03-10 21:28:00,BUTLER ST,075,21,Sunday
24P0100310,2024-03-10 23:01:00,WILSON LOT,083,23,Sunday
24P0100311,2024-03-10 23:04:00,WILSON LOT,083,23,Sunday
24P0100312,2024-03-10 23:07:00,WILSON LOT,083,23,Sunday
24P0100313,2024-03-11 16:01:00,BROOM ST,Meter,16,Monday
24P0100314,2024-03-11 16:08:00,LAKE ST,Meter,16,Monday
24P0100315,2024-03-11 16:27:00,BROOKS ST,033,16,Monday
24P0100316,2024-03-11 16:29:00,BROOKS ST,Meter,16,Monday
24P0100317,2024-03-11 16:33:00,BROOKS ST,Meter,16,Monday
24P0100318,2024-03-11 16:35:00,BROOKS ST,Meter,16,Monday
24P0100319,2024-03-11 16:37:00,BROOKS ST,Meter,16,Monday
24P0100320,2024-03-11 16:39:00,BROOKS ST,Meter,16,Monday
24P0100321,2024-03-11 16:44:00,BROOKS ST,Meter,16,Monday
24P0100322,2024-03-11 16:47:00,BROOKS ST,Meter,16,Monday
24P0100323,2024-03-11 16:49:00,BROOKS ST,Meter,16,Monday
24P0100324,2024-03-11 16:51:00,BROOKS ST,Meter,16,Monday
24P0100325,2024-03-11 16:54:00,BROOKS ST,Meter,16,Monday
24P0100326,2024-03-11 16:56:00,BROOKS ST,Meter,16,Monday
24P0100327,2024-03-11 17:06:00,MILLS ST,Meter,17,Monday
24P0100328,2024-03-11 17:08:00,MILLS ST,Meter,17,Monday
24P0100329,2024-03-11 17:11:00,MILLS ST,Meter,17,Monday
24P0100330,2024-03-11 18:07:00,HELENA ST,046,18,Monday
24P0100331,2024-03-11 19:22:00,WASHINGTON AVE,011,19,Monday
24P0100332,2024-03-11 19:24:00,WASHINGTON AVE,011,19,Monday
24P0100333,2024-03-11 22:08:00,SPRING ST,074,22,Monday
24P0100334,2024-03-11 22:24:00,RANDALL AVE,075,22,Monday
24P0100335,2024-03-12 15:41:00,MILLS ST,Meter,15,Tuesday
24P0100336,2024-03-12 15:43:00,MILLS ST,Meter,15,Tuesday
24P0100337,2024-03-12 16:59:00,MILLS ST,075,16,Tuesday
24P0100338,2024-03-12 17:07:00,BROOKS ST,033,17,Tuesday
24P0100339,2024-03-12 17:12:00,BROOKS ST,033,17,Tuesday
24P0100340,2024-03-12 17:16:00,BROOKS ST,Meter,17,Tuesday
24P0100341,2024-03-12 17:18:00,BROOKS ST,Meter,17,Tuesday
24P0100342,2024-03-12 17:23:00,BROOKS ST,Meter,17,Tuesday
24P0100343,2024-03-12 17:28:00,BROOKS ST,Meter,17,Tuesday
24P0100344,2024-03-12 17:31:00,BROOKS ST,033,17,Tuesday
24P0100345,2024-03-12 17:35:00,BROOKS ST,Meter,17,Tuesday
24P0100346,2024-03-12 17:38:00,BROOKS ST,Meter,17,Tuesday
24P0100347,2024-03-12 17:43:00,BROOKS ST,Meter,17,Tuesday
24P0100348,2024-03-12 17:45:00,BROOKS ST,Meter,17,Tuesday
24P0100349,2024-03-12 17:47:00,BROOKS ST,Meter,17,Tuesday
24P0100350,2024-03-12 19:17:00,MILLS ST,075,19,Tuesday
24P0100351,2024-03-12 20:43:00,REGENT ST,083,20,Tuesday
24P0100352,2024-03-12 20:44:00,REGENT ST,083,20,Tuesday
24P0100353,2024-03-12 20:46:00,REGENT ST,083,20,Tuesday
24P0100354,2024-03-12 20:48:00,REGENT ST,083,20,Tuesday
24P0100355,2024-03-12 20:51:00,REGENT ST,083,20,Tuesday
24P0100356,2024-03-12 22:33:00,RANDALL AVE,075,22,Tuesday
24P0100357,2024-03-16 14:52:00,HELENA ST,046,14,Saturday
24P0100358,2024-03-16 16:45:00,CHAMBERLAIN AVE,047,16,Saturday
24P0100359,2024-03-16 16:46:00,CHAMBERLAIN AVE,047,16,Saturday
24P0100360,2024-03-16 17:44:00,MAIN ST,004,17,Saturday
24P0100361,2024-03-16 18:24:00,WASHINGTON AVE,083,18,Saturday
24P0100362,2024-03-16 18:39:00,WASHINGTON AVE,075,18,Saturday
24P0100363,2024-03-16 19:08:00,BOWEN CT,072,19,Saturday
24P0100364,2024-03-16 20:32:00,MIFFLIN ST,075,20,Saturday
24P0100365,2024-03-16 20:43:00,MIFFLIN ST,075,20,Saturday
24P0100366,2024-03-16 22:12:00,GILMAN ST,033,22,Saturday
24P0100367,2024-03-16 23:08:00,GORHAM ST,075,23,Saturday
24P0100368,2024-03-16 23:27:00,WILSON ST,083,23,Saturday
24P0100369,2024-03-16 23:29:00,WILSON ST,083,23,Saturday
24P0100370,2024-03-16 23:58:00,WILSON ST,083,23,Saturday
24P0100371,2024-03-17 00:00:00,WILSON ST,083,0,Sunday
24P0100372,2024-03-17 14:42:00,WILSON ST,075,14,Sunday
24P0100373,2024-03-17 15:36:00,FAIR OAKS AVE,074,15,Sunday
24P0100374,2024-03-17 16:42:00,BUTLER ST,075,16,Sunday
24P0100375,2024-03-17 17:09:00,MIFFLIN ST,072,17,Sunday
24P0100376,2024-03-17 17:09:00,MIFFLIN ST,TOW,17,Sunday
24P0100377,2024-03-17 20:40:00,WASHINGTON AVE,083,20,Sunday
24P0100378,2024-03-17 20:43:00,WASHINGTON AVE,083,20,Sunday
24P0100379,2024-03-17 23:43:00,SCOTT LN,W075,23,Sunday
24P0100380,2024-03-18 15:07:00,CATALPA CIR,075,15,Monday
24P0100381,2024-03-18 15:29:00,HELENA ST,046,15,Monday
24P0100382,2024-03-18 15:31:00,HELENA ST,046,15,Monday
24P0100383,2024-03-18 17:44:00,MAIN ST,050,17,Monday
24P0100384,2024-03-18 17:47:00,MAIN ST,050,17,Monday
24P0100385,2024-03-18 19:52:00,BUTLER ST,075,19,Monday
24P0100386,2024-03-18 20:06:00,ERIN ST,075,20,Monday
24P0100387,2024-03-18 21:45:00,DAYTON ST,063,21,Monday
24P0100388,2024-03-18 21:55:00,WILSON ST,075,21,Monday
24P0100389,2024-03-18 22:02:00,HAMILTON ST,046,22,Monday
24P0100390,2024-03-19 18:22:00,WASHINGTON AVE,011,18,Tuesday
24P0100391,2024-03-19 18:43:00,WASHINGTON AVE,W083,18,Tuesday
24P0100392,2024-03-19 19:03:00,WILSON ST,083,19,Tuesday
24P0100393,2024-03-19 19:05:00,WILSON ST,083,19,Tuesday
24P0100394,2024-03-19 19:29:00,COMMERCIAL AVE,046,19,Tuesday
24P0100395,2024-03-19 21:24:00,WISCONSIN AVE,075,21,Tuesday
24P0100396,2024-03-19 22:32:00,DOTY ST,075,22,Tuesday
24P0100397,2024-03-19 22:45:00,DAYTON ST,075,22,Tuesday
24P0100398,2024-03-20 00:06:00,ERIN ST,075,0,Wednesday
24P0100399,2024-03-20 16:06:00,REGENT ST,103,16,Wednesday
24P0100400,2024-03-20 16:06:00,REGENT ST,TOW,16,Wednesday
24P0100401,2024-03-20 16:11:00,REGENT ST,103,16,Wednesday
24P0100402,2024-03-20 16:11:00,REGENT ST,TOW,16,Wednesday
24P0100403,2024-03-20 16:13:00,REGENT ST,103,16,Wednesday
24P0100404,2024-03-20 16:13:00,REGENT ST,TOW,16,Wednesday
24P0100405,2024-03-20 16:34:00,REGENT ST,103,16,Wednesday
24P0100406,2024-03-20 16:34:00,REGENT ST,TOW,16,Wednesday
24P0100407,2024-03-20 20:11:00,HIGH CROSSING BLVD,036,20,Wednesday
24P0100408,2024-03-20 20:11:00,HIGH CROSSING BLVD,TOW,20,Wednesday
24P0100409,2024-03-20 20:47:00,STOUGHTON RD,036,20,Wednesday
24P0100410,2024-03-20 20:47:00,STOUGHTON RD,TOW,20,Wednesday
24P0100411,2024-03-20 21:27:00,WILSON ST,083,21,Wednesday
24P0100412,2024-03-20 21:29:00,WILSON ST,083,21,Wednesday
24P0100413,2024-03-24 15:38:00,MAIN ST,046,15,Sunday
24P0100414,2024-03-24 16:50:00,BASSETT ST,068,16,Sunday
24P0100415,2024-03-24 18:39:00,WAYNE TER,036,18,Sunday
24P0100416,2024-03-24 18:39:00,WAYNE TER,TOW,18,Sunday
24P0100417,2024-03-24 19:17:00,EAST BLUFF,014,19,Sunday
24P0100418,2024-03-24 19:18:00,EAST BLUFF,014,19,Sunday
24P0100419,2024-03-24 19:22:00,EAST BLUFF,071,19,Sunday
24P0100420,2024-03-24 21:38:00,SHERMAN AVE,071,21,Sunday
24P0100421,2024-03-24 21:38:00,SHERMAN AVE,050,21,Sunday
24P0100422,2024-03-24 23:25:00,STARR GRASS DR,036,23,Sunday
24P0100423,2024-03-24 23:25:00,STARR GRASS DR,TOW,23,Sunday
24P0100424,2024-03-25 15:06:00,JOHNSON ST,101,15,Monday
24P0100425,2024-03-25 15:06:00,JOHNSON ST,TOW,15,Monday
24P0100426,2024-03-25 15:10:00,JOHNSON ST,101,15,Monday
24P0100427,2024-03-25 15:10:00,JOHNSON ST,TOW,15,Monday
24P0100428,2024-03-25 15:26:00,JOHNSON ST,101,15,Monday
24P0100429,2024-03-25 15:26:00,JOHNSON ST,TOW,15,Monday
24P0100430,2024-03-25 16:08:00,WILLIAMSON ST,103,16,Monday
24P0100431,2024-03-25 16:08:00,WILLIAMSON ST,TOW,16,Monday
24P0100432,2024-03-25 16:16:00,ATWOOD AVE,103,16,Monday
24P0100433,2024-03-25 16:16:00,ATWOOD AVE,TOW,16,Monday
24P0100434,2024-03-25 18:44:00,HELENA ST,046,18,Monday
24P0100435,2024-03-25 22:17:00,BUTLER ST,075,22,Monday
24P0100436,2024-03-26 15:08:00,WILSON ST,083,15,Tuesday
24P0100437,2024-03-26 15:29:00,SPRING ST,071,15,Tuesday
24P0100438,2024-03-26 15:50:00,MILLS ST,Meter,15,Tuesday
24P0100439,2024-03-26 15:55:00,MILLS ST,Meter,15,Tuesday
24P0100440,2024-03-26 15:55:00,MILLS ST,050,15,Tuesday
24P0100441,2024-03-26 18:09:00,WILLIAMSON ST,045,18,Tuesday
24P0100442,2024-03-26 18:34:00,WASHINGTON AVE,011,18,Tuesday
24P0100443,2024-03-26 18:35:00,WASHINGTON AVE,011,18,Tuesday
24P0100444,2024-03-26 18:37:00,WASHINGTON AVE,011,18,Tuesday
24P0100445,2024-03-26 18:38:00,WASHINGTON AVE,011,18,Tuesday
24P0100446,2024-03-26 19:22:00,WILSON ST,083,19,Tuesday
24P0100447,2024-03-26 19:30:00,WILSON ST,083,19,Tuesday
24P0100448,2024-03-26 19:31:00,WILSON ST,083,19,Tuesday
24P0100449,2024-03-26 19:42:00,WILSON ST,083,19,Tuesday
24P0100450,2024-03-26 19:45:00,WILSON ST,083,19,Tuesday
24P0100451,2024-03-26 19:48:00,WILSON ST,083,19,Tuesday
24P0100452,2024-03-26 22:58:00,KESSEL CT,046,22,Tuesday
24P0100453,2024-03-27 18:16:00,COMMERCIAL AVE,046,18,Wednesday
24P0100454,2024-03-27 18:45:00,WASHINGTON AVE,011,18,Wednesday
24P0100455,2024-03-27 18:49:00,WASHINGTON AVE,011,18,Wednesday
24P0100456,2024-03-27 19:15:00,FAIRCHILD ST,016,19,Wednesday
24P0100457,2024-03-27 20:16:00,WILSON ST,083,20,Wednesday
24P0100458,2024-03-27 20:55:00,WINNEBAGO ST,046,20,Wednesday
24P0100459,2024-03-27 23:45:00,KESSEL CT,046,23,Wednesday
24P0100460,2024-03-28 00:04:00,STOCKTON CT,046,0,Thursday
24P0100461,2024-04-01 18:01:00,DAYTON ST,046,18,Monday
24P0100462,2024-04-01 18:12:00,RANDALL AVE,046,18,Monday
24P0100463,2024-04-01 19:01:00,PARK ST,045,19,Monday
24P0100464,2024-04-01 19:39:00,BUTLER ST,075,19,Monday
24P0100465,2024-04-01 20:01:00,REGENT ST,083,20,Monday
24P0100466,2024-04-01 20:03:00,REGENT ST,083,20,Monday
24P0100467,2024-04-01 22:15:00,LINDEN AVE,071,22,Monday
24P0100468,2024-04-01 22:16:00,LINDEN AVE,071,22,Monday
24P0100469,2024-04-01 22:41:00,WINNEBAGO ST,046,22,Monday
24P0100470,2024-04-06 15:13:00,WILSON ST,083,15,Saturday
24P0100471,2024-04-06 16:04:00,HERITAGE CIR,075,16,Saturday
24P0100472,2024-04-06 16:06:00,HERITAGE CIR,075,16,Saturday
24P0100473,2024-04-06 16:56:00,MILLS ST,075,16,Saturday
24P0100474,2024-04-06 17:58:00,DICKINSON ST,075,17,Saturday
24P0100475,2024-04-06 18:16:00,DAYTON ST,033,18,Saturday
24P0100476,2024-04-06 18:50:00,WILLIAMSON ST,045,18,Saturday
24P0100477,2024-04-06 20:09:00,WILLIAMSON ST,W072,20,Saturday
24P0100478,2024-04-06 20:29:00,JENIFER ST,045,20,Saturday
24P0100479,2024-04-06 21:55:00,EAGAN RD,036,21,Saturday
24P0100480,2024-04-06 21:55:00,EAGAN RD,TOW,21,Saturday
24P0100481,2024-04-06 22:42:00,MARION ST,083,22,Saturday
24P0100482,2024-04-06 23:17:00,DOTY ST,075,23,Saturday
24P0100483,2024-04-07 15:14:00,MAIN ST,083,15,Sunday
24P0100484,2024-04-07 15:18:00,MAIN ST,083,15,Sunday
24P0100485,2024-04-07 16:29:00,DAYTON ST,077,16,Sunday
24P0100486,2024-04-07 17:33:00,STOUGHTON RD,036,17,Sunday
24P0100487,2024-04-07 17:33:00,STOUGHTON RD,TOW,17,Sunday
24P0100488,2024-04-07 18:59:00,BEDFORD ST,075,18,Sunday
24P0100489,2024-04-07 20:43:00,MILWAUKEE ST,004,20,Sunday
24P0100490,2024-04-07 21:34:00,VERNON AVE,046,21,Sunday
24P0100491,2024-04-08 19:29:00,HAMMERSLEY RD,050,19,Monday
24P0100492,2024-04-08 20:12:00,ORCHARD ST,072,20,Monday
24P0100493,2024-04-08 20:12:00,ORCHARD ST,TOW,20,Monday
24P0100494,2024-04-08 20:16:00,ORCHARD ST,072,20,Monday
24P0100495,2024-04-08 20:16:00,ORCHARD ST,TOW,20,Monday
24P0100496,2024-04-08 22:12:00,WASHINGTON AVE,151,22,Monday
24P0100497,2024-04-08 22:12:00,WASHINGTON AVE,TOW,22,Monday
24P0100498,2024-04-09 15:28:00,JOHNSON ST,Parking,15,Tuesday
24P0100499,2024-04-09 15:33:00,JOHNSON ST,Parking,15,Tuesday
24P0100500,2024-04-09 18:26:00,SAINT PAUL AVE,072,18,Tuesday
24P0100501,2024-04-09 21:10:00,NORTH ST,075,21,Tuesday
24P0100502,2024-04-09 22:23:00,WILSON ST,083,22,Tuesday
24P0100503,2024-04-09 22:37:00,DAYTON ST,063,22,Tuesday
24P0100504,2024-04-09 22:38:00,DAYTON ST,063,22,Tuesday
24P0100505,2024-04-10 15:01:00,ORCHARD ST,074,15,Wednesday
24P0100506,2024-04-10 16:05:00,REGENT ST,103,16,Wednesday
24P0100507,2024-04-10 16:05:00,REGENT ST,TOW,16,Wednesday
24P0100508,2024-04-10 16:14:00,REGENT ST,103,16,Wednesday
24P0100509,2024-04-10 16:14:00,REGENT ST,TOW,16,Wednesday
24P0100510,2024-04-10 18:22:00,FAIRCHILD ST,016,18,Wednesday
24P0100511,2024-04-10 18:22:00,FAIRCHILD ST,016,18,Wednesday
24P0100512,2024-04-10 18:30:00,WILSON ST,083,18,Wednesday
24P0100513,2024-04-10 20:06:00,MAIN ST,151,20,Wednesday
24P0100514,2024-04-10 22:42:00,CARROLL ST,057,22,Wednesday
24P0100515,2024-04-10 22:42:00,CARROLL ST,TOW,22,Wednesday
24P0100516,2024-04-10 22:48:00,CARROLL ST,074,22,Wednesday
24P0100517,2024-04-10 22:48:00,CARROLL ST,TOW,22,Wednesday
24P0100518,2024-04-14 15:13:00,COMMERCIAL AVE,046,15,Sunday
24P0100519,2024-04-14 15:47:00,WILSON ST,083,15,Sunday
24P0100520,2024-04-14 16:05:00,MAIN ST,046,16,Sunday
24P0100521,2024-04-14 16:07:00,MAIN ST,046,16,Sunday
24P0100522,2024-04-14 16:09:00,MAIN ST,046,16,Sunday
24P0100523,2024-04-14 18:22:00,BUTLER ST,075,18,Sunday
24P0100524,2024-04-14 18:23:00,BUTLER ST,075,18,Sunday
24P0100525,2024-04-14 18:36:00,RUTLEDGE ST,072,18,Sunday
24P0100526,2024-04-14 19:08:00,MALIBU DR,W080,19,Sunday
24P0100527,2024-04-14 20:56:00,MILWAUKEE ST,036,20,Sunday
24P0100528,2024-04-14 20:56:00,MILWAUKEE ST,TOW,20,Sunday
24P0100529,2024-04-14 22:30:00,UNIVERSITY AVE,083,22,Sunday
24P0100530,2024-04-15 16:48:00,BROOKS ST,Meter,16,Monday
24P0100531,2024-04-15 16:52:00,BROOKS ST,Meter,16,Monday
24P0100532,2024-04-15 17:16:00,WASHINGTON AVE,083,17,Monday
24P0100533,2024-04-15 17:25:00,MARION ST,083,17,Monday
24P0100534,2024-04-15 17:27:00,MARION ST,083,17,Monday
24P0100535,2024-04-15 18:20:00,RETHKE AVE,088,18,Monday
24P0100536,2024-04-15 18:55:00,LIVINGSTON ST,046,18,Monday
24P0100537,2024-04-15 19:05:00,BUTLER ST,075,19,Monday
24P0100538,2024-04-15 23:32:00,SPRING ST,050,23,Monday
24P0100539,2024-04-16 17:02:00,MAIN ST,046,17,Tuesday
24P0100540,2024-04-16 17:41:00,WASHINGTON AVE,011,17,Tuesday
24P0100541,2024-04-16 18:32:00,LIVINGSTON ST,046,18,Tuesday
24P0100542,2024-04-16 20:18:00,WILSON ST,075,20,Tuesday
24P0100543,2024-04-16 20:26:00,HAMILTON ST,058,20,Tuesday
24P0100544,2024-04-16 22:10:00,KESSEL CT,046,22,Tuesday
24P0100545,2024-04-16 22:15:00,KESSEL CT,046,22,Tuesday
24P0100546,2024-04-16 22:56:00,UNIVERSITY AVE,046,22,Tuesday
24P0100547,2024-04-16 23:59:00,GORHAM ST,075,23,Tuesday
24P0100548,2024-04-17 16:53:00,WYOMING WAY,063,16,Wednesday
24P0100549,2024-04-17 17:01:00,WYOMING WAY,063,17,Wednesday
24P0100550,2024-04-17 18:33:00,ORCHARD ST,033,18,Wednesday
24P0100551,2024-04-17 20:41:00,PERRY ST,036,20,Wednesday
24P0100552,2024-04-17 20:41:00,PERRY ST,TOW,20,Wednesday
24P0100553,2024-04-17 20:56:00,PERRY ST,036,20,Wednesday
24P0100554,2024-04-17 20:56:00,PERRY ST,TOW,20,Wednesday
24P0100555,2024-04-21 14:40:00,ALLEN ST,075,14,Sunday
24P0100556,2024-04-21 15:01:00,UNIVERSITY AVE,083,15,Sunday
24P0100557,2024-04-21 15:03:00,UNIVERSITY AVE,083,15,Sunday
24P0100558,2024-04-21 15:22:00,BUTLER ST,075,15,Sunday
24P0100559,2024-04-21 15:31:00,WILSON ST,083,15,Sunday
24P0100560,2024-04-21 16:10:00,COMMERCIAL AVE,046,16,Sunday
24P0100561,2024-04-21 17:40:00,BLOUNT ST,072,17,Sunday
24P0100562,2024-04-21 19:50:00,WILLIAMSON ST,045,19,Sunday
24P0100563,2024-04-21 21:44:00,THOMPSON DR,036,21,Sunday
24P0100564,2024-04-21 21:44:00,THOMPSON DR,TOW,21,Sunday
24P0100565,2024-04-21 22:41:00,MANITOWOC PKWY,080,22,Sunday
24P0100566,2024-04-21 22:46:00,MANITOWOC PKWY,080,22,Sunday
24P0100567,2024-04-21 23:07:00,KESSEL CT,046,23,Sunday
24P0100568,2024-04-22 14:46:00,SOUTH ST,W071,14,Monday
24P0100569,2024-04-22 18:47:00,HELENA ST,046,18,Monday
24P0100570,2024-04-22 19:43:00,HENRY ST,151,19,Monday
24P0100571,2024-04-22 19:43:00,HENRY ST,TOW,19,Monday
24P0100572,2024-04-22 20:17:00,DENNETT DR,080,20,Monday
24P0100573,2024-04-22 22:17:00,HAMILTON ST,058,22,Monday
24P0100574,2024-04-23 15:37:00,HELENA ST,046,15,Tuesday
24P0100575,2024-04-23 15:58:00,SOMMERS AVE,075,15,Tuesday
24P0100576,2024-04-23 19:19:00,BUTLER ST,075,19,Tuesday
24P0100577,2024-04-23 21:50:00,CARROLL ST,075,21,Tuesday
24P0100578,2024-04-23 22:17:00,BASSETT ST,074,22,Tuesday
24P0100579,2024-04-27 15:37:00,LANGDON ST,151,15,Saturday
24P0100580,2024-04-27 15:37:00,LANGDON ST,TOW,15,Saturday
24P0100581,2024-04-27 16:24:00,FEW ST,072,16,Saturday
24P0100582,2024-04-27 16:58:00,WILSON ST,083,16,Saturday
24P0100583,2024-04-27 17:44:00,MARION ST,083,17,Saturday
24P0100584,2024-04-27 18:11:00,MILLS ST,023,18,Saturday
24P0100585,2024-04-27 18:11:00,MILLS ST,TOW,18,Saturday
24P0100586,2024-04-27 19:27:00,MAIN ST,046,19,Saturday
24P0100587,2024-04-27 19:45:00,REGENT ST,083,19,Saturday
24P0100588,2024-04-27 19:47:00,REGENT ST,083,19,Saturday
24P0100589,2024-04-27 19:53:00,CHARTER ST,046,19,Saturday
24P0100590,2024-04-27 19:54:00,CHARTER ST,046,19,Saturday
24P0100591,2024-04-27 19:58:00,CHARTER ST,071,19,Saturday
24P0100592,2024-04-27 20:05:00,MILLS ST,074,20,Saturday
24P0100593,2024-04-27 20:36:00,LAKESIDE ST,074,20,Saturday
24P0100594,2024-04-27 23:00:00,LIVINGSTON ST,046,23,Saturday
24P0100595,2024-04-28 14:54:00,RANDALL AVE,075,14,Sunday
24P0100596,2024-04-28 15:09:00,VILAS AVE,077,15,Sunday
24P0100597,2024-04-28 16:38:00,DOTY ST,075,16,Sunday
24P0100598,2024-04-28 16:45:00,WILSON ST,075,16,Sunday
24P0100599,2024-04-28 16:52:00,BASSETT ST,033,16,Sunday
24P0100600,2024-04-28 20:21:00,LANGDON ST,063,20,Sunday
24P0100601,2024-04-28 20:40:00,BEDFORD ST,075,20,Sunday
24P0100602,2024-04-28 21:26:00,CARROLL ST,036,21,Sunday
24P0100603,2024-04-28 21:26:00,CARROLL ST,TOW,21,Sunday
24P0100604,2024-04-28 21:46:00,CARROLL ST,001,21,Sunday
24P0100605,2024-04-29 15:05:00,JOHNSON ST,101,15,Monday
24P0100606,2024-04-29 15:05:00,JOHNSON ST,TOW,15,Monday
24P0100607,2024-04-29 16:09:00,WILLIAMSON ST,103,16,Monday
24P0100608,2024-04-29 16:09:00,WILLIAMSON ST,TOW,16,Monday
24P0100609,2024-04-29 16:11:00,WILLIAMSON ST,103,16,Monday
24P0100610,2024-04-29 16:11:00,WILLIAMSON ST,TOW,16,Monday
24P0100611,2024-04-29 18:40:00,HAMMERSLEY RD,004,18,Monday
24P0100612,2024-04-29 21:05:00,WINNEBAGO ST,046,21,Monday
24P0100613,2024-04-29 21:12:00,WINNEBAGO ST,046,21,Monday
24P0100614,2024-04-29 21:48:00,WISCONSIN AVE,075,21,Monday
24P0100615,2024-04-29 21:55:00,WISCONSIN AVE,075,21,Monday
24P0100616,2024-04-29 22:37:00,DRAKE ST,046,22,Monday
24P0100617,2024-04-30 15:59:00,SPENSER LN,063,15,Tuesday
24P0100618,2024-04-30 16:52:00,SCHENK ST,104,16,Tuesday
24P0100619,2024-04-30 16:53:00,SCHENK ST,104,16,Tuesday
24P0100620,2024-04-30 21:04:00,RANDALL AVE,046,21,Tuesday
24P0100621,2024-04-30 21:07:00,SPRING ST,033,21,Tuesday
24P0100622,2024-05-01 14:53:00,MILLS ST,075,14,Wednesday
24P0100623,2024-05-01 16:11:00,MONROE ST,103,16,Wednesday
24P0100624,2024-05-01 16:11:00,MONROE ST,TOW,16,Wednesday
24P0100625,2024-05-01 16:28:00,SPEEDWAY RD,103,16,Wednesday
24P0100626,2024-05-01 16:28:00,SPEEDWAY RD,TOW,16,Wednesday
24P0100627,2024-05-01 16:31:00,SPEEDWAY RD,103,16,Wednesday
24P0100628,2024-05-01 16:31:00,SPEEDWAY RD,TOW,16,Wednesday
24P0100629,2024-05-01 18:44:00,GORHAM ST,083,18,Wednesday
24P0100630,2024-05-01 19:09:00,BUTLER ST,075,19,Wednesday
24P0100631,2024-05-01 20:29:00,WAYNE TER,036,20,Wednesday
24P0100632,2024-05-01 20:29:00,WAYNE TER,TOW,20,Wednesday
24P0100633,2024-05-01 20:36:00,WAYNE TER,036,20,Wednesday
24P0100634,2024-05-01 20:36:00,WAYNE TER,TOW,20,Wednesday
24P0100635,2024-05-01 22:10:00,WILSON ST,075,22,Wednesday
24P0100636,2024-05-01 22:23:00,BLAIR ST,072,22,Wednesday
24P0100637,2024-05-01 22:47:00,RETHKE AVE,088,22,Wednesday
24P0100638,2024-05-02 00:09:00,CATALPA RD,046,0,Thursday
24P0100638,2024-05-02 00:09:00,CATALPA RD,046,0,Thursday
24P0100638,2024-05-02 00:09:00,CATALPA RD,046,0,Thursday
24P0100639,2024-05-18 15:08:00,EAST TOWNE MALL,W016,15,Saturday
24P0100640,2024-05-18 17:15:00,DELAPLAINE CT,046,17,Saturday
24P0100641,2024-05-18 17:18:00,DELAPLAINE CT,046,17,Saturday
24P0100642,2024-05-18 17:20:00,DELAPLAINE CT,046,17,Saturday
24P0100643,2024-05-18 17:21:00,DELAPLAINE CT,046,17,Saturday
24P0100644,2024-05-18 18:15:00,HELENA ST,046,18,Saturday
24P0100645,2024-05-18 21:42:00,HAMILTON ST,046,21,Saturday
24P0100646,2024-05-19 15:28:00,ARBOR DR,072,15,Sunday
24P0100647,2024-05-19 15:29:00,ARBOR DR,072,15,Sunday
24P0100648,2024-05-19 16:07:00,WISCONSIN AVE,072,16,Sunday
24P0100649,2024-05-19 18:27:00,ERIN ST,075,18,Sunday
24P0100650,2024-05-19 18:27:00,ERIN ST,050,18,Sunday
24P0100651,2024-05-19 19:00:00,WILLIAMSON ST,072,19,Sunday
24P0100652,2024-05-19 20:51:00,MELODY LN,075,20,Sunday
24P0100653,2024-05-19 20:53:00,MELODY LN,075,20,Sunday
24P0100654,2024-05-19 20:56:00,MELODY LN,075,20,Sunday
24P0100655,2024-05-19 21:33:00,SOMMERS AVE,075,21,Sunday
24P0100656,2024-05-19 21:58:00,WILSON ST,083,21,Sunday
24P0100657,2024-05-19 22:23:00,JOHNSON ST,083,22,Sunday
24P0100658,2024-05-19 22:26:00,JOHNSON ST,083,22,Sunday
24P0100659,2024-05-19 22:27:00,JOHNSON ST,083,22,Sunday
24P0100660,2024-05-19 22:29:00,JOHNSON ST,083,22,Sunday
24P0100661,2024-05-19 23:33:00,HAMMERSLEY RD,036,23,Sunday
24P0100662,2024-05-19 23:33:00,HAMMERSLEY RD,TOW,23,Sunday
24P0100663,2024-05-19 23:55:00,HAMMERSLEY RD,036,23,Sunday
24P0100664,2024-05-19 23:55:00,HAMMERSLEY RD,TOW,23,Sunday
24P0100665,2024-05-20 00:13:00,JEWEL CT,036,0,Monday
24P0100666,2024-05-20 00:13:00,JEWEL CT,TOW,0,Monday
24P0100667,2024-05-20 15:24:00,ORCHARD ST,074,15,Monday
24P0100668,2024-05-20 16:10:00,MONROE ST,103,16,Monday
24P0100669,2024-05-20 16:10:00,MONROE ST,TOW,16,Monday
24P0100670,2024-05-20 16:22:00,ALLEN ST,103,16,Monday
24P0100671,2024-05-20 16:22:00,ALLEN ST,TOW,16,Monday
24P0100672,2024-05-20 19:41:00,WINNEBAGO ST,075,19,Monday
24P0100673,2024-05-20 19:48:00,HELENA ST,046,19,Monday
24P0100674,2024-05-20 20:10:00,JOHNSON ST,083,20,Monday
24P0100675,2024-05-20 20:10:00,JOHNSON ST,083,20,Monday
24P0100676,2024-05-20 20:20:00,GILMAN ST,033,20,Monday
24P0100677,2024-05-20 20:40:00,GILMAN ST,083,20,Monday
24P0100678,2024-05-20 20:43:00,GILMAN ST,083,20,Monday
24P0100679,2024-05-20 20:59:00,LANGDON ST,083,20,Monday
24P0100680,2024-05-20 21:13:00,SPRING ST,083,21,Monday
24P0100681,2024-05-20 21:21:00,BROOKS ST,074,21,Monday
24P0100682,2024-05-20 22:31:00,HAMILTON ST,058,22,Monday
24P0100683,2024-05-21 14:59:00,MILLS ST,075,14,Tuesday
24P0100684,2024-05-21 15:09:00,ORCHARD ST,033,15,Tuesday
24P0100685,2024-05-21 16:17:00,SPEEDWAY RD,103,16,Tuesday
24P0100686,2024-05-21 16:17:00,SPEEDWAY RD,TOW,16,Tuesday
24P0100687,2024-05-21 18:47:00,HELENA ST,046,18,Tuesday
24P0100687,2024-05-21 18:47:00,HELENA ST,046,18,Tuesday
24P0100688,2024-05-22 16:07:00,MONROE ST,103,16,Wednesday
24P0100689,2024-05-22 16:07:00,MONROE ST,TOW,16,Wednesday
24P0100690,2024-05-22 16:13:00,MONROE ST,103,16,Wednesday
24P0100691,2024-05-22 16:13:00,MONROE ST,TOW,16,Wednesday
24P0100692,2024-05-22 16:26:00,SPEEDWAY RD,103,16,Wednesday
24P0100693,2024-05-22 16:26:00,SPEEDWAY RD,TOW,16,Wednesday
24P0100694,2024-05-22 18:49:00,WILSON ST,083,18,Wednesday
24P0100695,2024-05-22 18:50:00,WILSON ST,083,18,Wednesday
24P0100696,2024-05-22 18:53:00,WILSON ST,083,18,Wednesday
24P0100697,2024-05-22 19:11:00,HELENA ST,080,19,Wednesday
24P0100698,2024-05-22 19:13:00,HELENA ST,046,19,Wednesday
24P0100699,2024-05-22 19:34:00,MILWAUKEE ST,083,19,Wednesday
24P0100700,2024-05-22 20:49:00,PINCKNEY ST,078,20,Wednesday
24P0100701,2024-05-22 20:51:00,PINCKNEY ST,078,20,Wednesday
24P0100702,2024-05-26 15:42:00,DEMPSEY RD,072,15,Sunday
24P0100703,2024-05-26 15:42:00,DEMPSEY RD,TOW,15,Sunday
24P0100704,2024-05-26 16:34:00,LIVINGSTON ST,046,16,Sunday
24P0100705,2024-05-26 18:59:00,DAISY DR,036,18,Sunday
24P0100706,2024-05-26 18:59:00,DAISY DR,TOW,18,Sunday
24P0100707,2024-05-26 20:22:00,STRATTON WAY,004,20,Sunday
24P0100708,2024-05-26 20:42:00,KESSEL CT,046,20,Sunday
24P0100709,2024-05-26 21:37:00,CREST LINE DR,047,21,Sunday
24P0100710,2024-05-26 21:45:00,CREST LINE DR,047,21,Sunday
24P0100711,2024-05-26 21:47:00,CREST LINE DR,047,21,Sunday
24P0100712,2024-05-26 21:50:00,CREST LINE DR,047,21,Sunday
24P0100713,2024-05-26 21:52:00,CREST LINE DR,047,21,Sunday
24P0100714,2024-05-26 21:54:00,CREST LINE DR,047,21,Sunday
24P0100715,2024-05-26 22:03:00,CREST LINE DR,047,22,Sunday
24P0100716,2024-05-27 00:08:00,HAMILTON ST,046,0,Monday
24P0100716,2024-05-27 00:08:00,HAMILTON ST,046,0,Monday
24P0100716,2024-05-27 00:08:00,HAMILTON ST,046,0,Monday
24P0100716,2024-05-27 00:08:00,HAMILTON ST,046,0,Monday
